Source,Target,Capacity,Cost
0,1,54,4.7478570059721115
1,2,51,2.8408003868050526
2,3,51,2.3984864888641297
3,4,56,4.997670636919922
4,5,47,4.219366886116326
5,0,57,1.5063820801531635

entry,Target,Traffic Demand
3,5,5
3,4,16
5,3,4
5,4,1
4,3,19
4,5,20

Subset S
3,5,4
