Source,Target,Capacity,Cost
0,2,54,4.438818506043175
0,3,48,3.2374847538358633
1,2,57,1.3551256823713405
1,3,48,3.9034523990481915
1,5,49,2.441560199149211
3,0,49,2.561531063527152
3,1,44,2.4553584908900965
3,2,54,2.4528865120533365
4,1,51,3.422106273794398
4,5,60,2.561000722017245
5,1,43,1.213335745850777

entry,Target,Traffic Demand
1,0,19
1,5,3
0,1,20
0,5,17
5,1,6
5,0,18

Subset S
1,0,5
