Source,Target,Capacity,Cost
0,1,32,4.776173502608177
1,2,39,2.2019042891869365
2,3,35,1.4002809034891368
3,4,35,4.902490659022459
4,5,37,4.784543631163503
5,0,28,2.710549569916379

entry,Target,Traffic Demand
4,1,7
4,2,9
1,4,9
1,2,9
2,4,6
2,1,10

Subset S
4,1,2
