Source,Target,Capacity,Cost
0,1,47,1.1067470441844312
1,2,56,3.0027450207496815
2,3,47,1.921317923987734
3,4,46,4.78506077942802
4,5,41,2.4292102738032577
5,0,44,1.5939745457116508

entry,Target,Traffic Demand
1,0,12
1,2,7
0,1,19
0,2,3
2,1,7
2,0,20

Subset S
1,0,2
