Source,Target,Capacity,Cost
0,1,59,4.295201432617549
1,2,59,2.7614977553201268
2,3,44,4.794268274701721
3,4,43,3.4712434499020866
4,5,42,3.5806486817055925
5,0,48,2.894837615021957

entry,Target,Traffic Demand
5,2,8
5,3,1
2,5,5
2,3,5
3,5,5
3,2,13

Subset S
5,2,3
