Source,Target,Capacity,Cost
0,1,57,4.821335691111217
0,2,49,4.7404517900800105
1,0,40,3.3291434372837423
2,3,56,3.8697415138101907
2,5,53,4.9484387895220525
3,4,46,1.542909813416069
4,0,57,3.9519310467432076
4,1,49,1.1719394985151728
4,3,59,2.3206378936302623
4,5,60,2.2615893154187523
5,1,55,2.7378578767707134
5,2,50,2.570854860745859
5,3,53,3.8527308956135555

entry,Target,Traffic Demand
2,5,9
2,0,14
5,2,4
5,0,10
0,2,16
0,5,14

Subset S
2,5,0
