Source,Target,Capacity,Cost
0,1,48,1.849231498820684
1,2,60,4.427096582605433
2,3,47,1.540535911980757
3,4,52,1.5160159988343902
4,5,57,4.0564887784634625
5,0,48,3.749928992760086

entry,Target,Traffic Demand
2,5,5
2,0,5
5,2,18
5,0,18
0,2,8
0,5,16

Subset S
2,5,0
